"Time_Iter","Outer_Iter","Inner_Iter",    "rms[Rho]"    ,    "rms[RhoU]"   ,    "rms[RhoV]"   ,    "rms[RhoE]"   ,     "rms[nu]"    
          0,           0,           0,      -1.721423166,        -2.2029427,      -1.888148043,      -1.276835675,      -9.640079678
          0,           0,           1,      -1.907750289,      -2.404970673,      -2.088973672,      -1.464100152,       -9.92957689
          0,           0,           2,      -2.123449674,       -2.67989195,        -2.3400788,      -1.652085544,      -9.888753201
          0,           0,           3,      -2.192929203,      -3.037684246,      -2.365180315,       -1.68958397,      -9.939986189
          0,           0,           4,      -2.183843013,      -3.287672757,      -2.229654078,      -1.685661529,      -10.09581858
          0,           0,           5,      -2.364586929,      -3.435774172,      -2.692994868,      -1.898308099,      -10.13903921
          0,           0,           6,      -2.404776031,      -3.465137222,      -3.032239404,      -1.956317635,      -10.18618967
          0,           0,           7,      -2.348688374,      -3.419720829,      -2.433456435,      -1.907479332,      -10.23028975
          0,           0,           8,      -2.410658468,      -3.440591853,      -2.564710889,      -1.986518519,      -10.27817871
          0,           0,           9,      -2.509745976,      -3.484931601,      -3.006406224,      -2.106717937,       -10.3018615
          0,           0,          10,      -2.543921446,      -3.417101113,       -3.02688698,      -2.155931374,      -10.34988368
          0,           0,          11,      -2.544998462,      -3.425013604,      -2.743125986,       -2.16931416,       -10.3912752
          0,           0,          12,       -2.60798238,      -3.417247338,      -2.806364564,        -2.2456361,      -10.39299391
          0,           0,          13,      -2.715061621,      -3.463315457,      -3.125151502,      -2.374584497,      -10.45466951
          0,           0,          14,      -2.771602279,      -3.423773206,      -3.164658179,       -2.44673397,      -10.45730572
          0,           0,          15,      -2.808420698,      -3.409702627,      -3.052418299,      -2.498737294,      -10.41615718
          0,           0,          16,      -2.863462878,      -3.373068834,      -3.087154936,      -2.561855626,      -10.41134275
          0,           0,          17,      -2.973099068,      -3.411735695,      -3.225364902,      -2.689723678,      -10.48501235
          0,           0,          18,      -3.036551027,      -3.409042382,      -3.213835526,      -2.763397036,      -10.38182636
          0,           0,          19,       -3.04454498,      -3.389520232,      -3.135074783,      -2.758507461,      -10.29300454
          0,           0,          20,      -3.067889828,      -3.370780274,      -3.111909446,      -2.757821424,      -10.21199491
          0,           0,          21,      -3.039277425,      -3.341191192,      -3.059336084,      -2.729548125,      -10.12739282
          0,           0,          22,      -2.969771876,      -3.311301921,      -2.997580645,      -2.660759517,      -9.956660634
          0,           0,          23,      -2.897715778,       -3.26636134,      -2.920608212,      -2.567304509,       -9.79967989
          0,           0,          24,       -2.85884205,      -3.213526964,      -2.872179251,      -2.503988813,      -9.838107003
          0,           0,          25,      -2.895518947,      -3.280146245,      -3.009962184,       -2.54291296,      -9.751629795
          0,           0,          26,      -2.847936346,      -3.232997105,      -2.992821685,      -2.487587425,      -9.747582478
          0,           0,          27,      -2.844983406,      -3.186500282,      -2.992858821,      -2.470039348,      -9.692676803
          0,           0,          28,       -2.89518276,      -3.160720937,      -2.970150873,      -2.486613141,      -9.625619962
          0,           0,          29,      -2.970582299,      -3.180767341,       -3.00519025,      -2.538683521,      -9.531954275
          0,           0,          30,       -3.00195276,      -3.185844552,      -3.003478357,      -2.540559823,       -9.44905413
          0,           0,          31,      -2.976249651,      -3.194363295,      -2.954377853,      -2.495040278,      -9.396304882
          0,           0,          32,      -3.037917351,      -3.177841299,      -2.995072547,      -2.536058335,      -9.385813197
          0,           0,          33,      -3.053197487,      -3.167831301,       -3.01080533,      -2.544498773,       -9.36510812
          0,           0,          34,      -3.047316604,       -3.15849151,      -2.976348276,       -2.50040998,      -9.327693906
          0,           0,          35,      -3.046468621,      -3.152436173,      -2.958618627,      -2.463592884,      -9.260310205
          0,           0,          36,      -3.075816948,      -3.161519297,      -2.942226823,      -2.442784568,      -9.240881493
          0,           0,          37,      -3.100782747,      -3.140363002,      -2.982119056,      -2.472261825,      -9.196732619
          0,           0,          38,      -3.105504814,      -3.126034512,      -3.007367654,      -2.492105737,      -9.216292362
          0,           0,          39,      -3.109440687,       -3.16039261,      -3.026694687,       -2.50437214,      -9.210112164
          0,           0,          40,      -3.096451827,      -3.134763647,      -3.019025077,      -2.470690719,      -9.190144494
          0,           0,          41,      -3.114622332,       -3.11889563,       -3.02493917,      -2.470093556,      -9.183159903
          0,           0,          42,      -3.146397432,       -3.11728182,      -3.048229678,      -2.505337851,      -9.181056706
          0,           0,          43,      -3.171410172,      -3.124824305,      -3.086650076,      -2.552484188,      -9.177595989
          0,           0,          44,      -3.149402043,      -3.088680196,      -3.073594547,      -2.539744908,      -9.192316207
          0,           0,          45,      -3.119323389,      -3.059878001,      -3.040345327,      -2.494006346,      -9.245409522
          0,           0,          46,      -3.113822882,      -3.046529469,       -3.00505443,       -2.46712483,      -9.347794224
          0,           0,          47,      -3.131040602,      -3.025736305,      -2.988107814,      -2.464830978,      -9.410840898
          0,           0,          48,      -3.157755491,      -3.065699599,      -2.994345426,       -2.47810931,       -9.42031055
          0,           0,          49,      -3.154324003,      -3.060200941,      -2.983197111,      -2.463287677,      -9.449736204
          0,           0,          50,      -3.168686293,      -3.049575788,      -2.987626118,      -2.465490992,      -9.443594522
          0,           0,          51,      -3.192164585,      -3.040689827,      -3.012463253,      -2.485700135,      -9.508501896
          0,           0,          52,      -3.223798317,      -3.063185405,      -3.041371076,      -2.516408171,      -9.528215254
          0,           0,          53,      -3.226103875,      -3.041751965,      -3.059073557,      -2.523452758,      -9.544116667
          0,           0,          54,      -3.220430121,      -3.011670778,      -3.067655312,      -2.515402948,       -9.57760473
          0,           0,          55,      -3.226855975,      -2.993361438,      -3.100252022,      -2.521757269,       -9.61656942
          0,           0,          56,      -3.257328674,       -3.02261527,      -3.121356383,      -2.547815479,      -9.635398918
          0,           0,          57,      -3.281641593,      -3.037841863,      -3.143346926,      -2.577503771,      -9.639060425
          0,           0,          58,      -3.293694629,      -3.037275244,       -3.17332969,      -2.601723165,      -9.689818117
          0,           0,          59,       -3.30517368,      -3.056533984,      -3.212281673,      -2.621110525,      -9.689956916
          0,           0,          60,      -3.302196649,      -3.049692387,      -3.233217117,      -2.623209873,      -9.673609224
          0,           0,          61,      -3.294532505,        -3.0408784,      -3.238811791,      -2.624952616,      -9.721578576
          0,           0,          62,      -3.311625497,      -3.066292788,      -3.275796681,      -2.649158965,      -9.704680646
          0,           0,          63,      -3.301176826,      -3.059031455,      -3.293098932,       -2.64415217,      -9.670497299
          0,           0,          64,      -3.283301125,      -3.053840941,      -3.306269919,      -2.637993447,      -9.701062068
          0,           0,          65,      -3.309309377,      -3.078936605,      -3.345633781,      -2.670864035,      -9.679587284
          0,           0,          66,      -3.291236427,        -3.0635231,      -3.339925013,       -2.65487282,      -9.638315607
          0,           0,          67,      -3.263742998,      -3.058856219,      -3.323196319,       -2.63525783,      -9.659333724
          0,           0,          68,      -3.295915448,      -3.097300073,      -3.385245397,      -2.679316274,      -9.638432088
          0,           0,          69,      -3.275281347,      -3.076072848,      -3.377965519,      -2.654327511,      -9.597428302
          0,           0,          70,       -3.24615173,      -3.067233884,      -3.352321233,      -2.625687284,      -9.613955357
          0,           0,          71,      -3.270539579,      -3.089777434,      -3.414299919,      -2.652624824,      -9.592437651
          0,           0,          72,      -3.244979898,      -3.062749291,      -3.405601989,      -2.615035787,      -9.546005349
          0,           0,          73,      -3.220677609,      -3.046513353,      -3.389252101,      -2.585159289,      -9.560099662
          0,           0,          74,       -3.21707495,      -3.025379687,      -3.404254566,      -2.567665356,       -9.53648998
          0,           0,          75,       -3.18726512,      -2.980664381,      -3.364450294,        -2.5232465,      -9.486761112
          0,           0,          76,      -3.171756854,      -2.952828765,      -3.352239025,       -2.50683454,      -9.506286339
          0,           0,          77,      -3.176293897,       -2.93894409,      -3.381348673,      -2.504951486,      -9.481656492
          0,           0,          78,      -3.176212661,      -2.924895059,      -3.403041926,      -2.495408211,      -9.429559899
          0,           0,          79,      -3.202886832,      -2.943265087,      -3.456159241,      -2.524387299,      -9.452327641
          0,           0,          80,      -3.232204239,      -2.945993253,       -3.53852625,      -2.552945693,      -9.428794008
          0,           0,          81,      -3.323720228,      -3.007288521,      -3.650078831,      -2.661879636,      -9.380499623
          0,           0,          82,      -3.497361978,      -3.245741499,       -3.55744651,      -2.886320513,       -9.41065265
          0,           0,          83,      -3.636784581,      -3.424561245,       -3.71899622,      -3.153821391,      -9.386155917
          0,           0,          84,      -3.607586312,      -3.419438725,       -3.70508859,      -3.015833257,      -9.335643344
          0,           0,          85,      -3.482488482,      -3.276731536,      -3.567302202,      -2.859319683,      -9.369132043
          0,           0,          86,      -3.568644321,      -3.378665786,      -3.748315534,      -3.015089214,      -9.343460778
          0,           0,          87,      -3.588141436,      -3.400206938,      -3.804247668,      -3.083752524,      -9.292045908
          0,           0,          88,      -3.541541605,      -3.362115908,      -3.692007848,      -3.033158438,      -9.331571061
          0,           0,          89,      -3.589969804,      -3.410617314,      -3.808377622,      -3.146607203,      -9.305312805
          0,           0,          90,      -3.599507257,       -3.42205416,      -3.820175047,      -3.193223462,      -9.254175808
          0,           0,          91,      -3.565817154,      -3.393602147,       -3.75016149,      -3.153113832,      -9.300824695
          0,           0,          92,      -3.596115178,      -3.429121474,      -3.814639723,      -3.255195834,      -9.274766419
          0,           0,          93,      -3.598269933,       -3.43433784,      -3.815899081,       -3.28243424,      -9.225899195
          0,           0,          94,      -3.541175812,      -3.383651209,      -3.732227429,      -3.157945589,      -9.280679149
          0,           0,          95,       -3.57328794,      -3.431163528,      -3.793055941,      -3.280973877,      -9.256064737
          0,           0,          96,       -3.57027882,      -3.434530126,      -3.789479617,      -3.281640525,      -9.211084514
          0,           0,          97,      -3.488387081,      -3.365273403,      -3.657469665,      -3.086411513,      -9.278714175
          0,           0,          98,       -3.54373568,        -3.4399735,        -3.7514775,      -3.247912785,      -9.256992048
          0,           0,          99,      -3.548731167,      -3.447157796,      -3.757759596,      -3.260105405,      -9.217852698
          0,           0,         100,      -3.468065909,      -3.378665052,      -3.621120743,      -3.072836614,      -9.313860106
          0,           0,         101,      -3.537278634,      -3.461674926,      -3.731430943,      -3.239977411,      -9.296065806
          0,           0,         102,      -3.546690857,      -3.467199373,      -3.744367769,       -3.25966268,      -9.264044236
          0,           0,         103,      -3.487196402,      -3.411231408,       -3.62816464,      -3.106144441,      -9.389185892
          0,           0,         104,      -3.550608737,      -3.483051029,      -3.742271095,      -3.253539805,      -9.372445824
          0,           0,         105,      -3.563464763,      -3.488933188,      -3.751969973,      -3.268083679,      -9.340987846
          0,           0,         106,      -3.532155569,       -3.43771635,      -3.671114787,       -3.13467874,      -9.420551369
          0,           0,         107,      -3.590751031,      -3.505706589,      -3.759356989,      -3.246197341,      -9.423265112
          0,           0,         108,      -3.613521322,      -3.513306175,      -3.764710473,      -3.240550578,      -9.425305826
          0,           0,         109,      -3.594784786,      -3.472593735,      -3.706782769,      -3.138717039,      -9.514411809
          0,           0,         110,      -3.646294793,      -3.540403578,      -3.776949763,      -3.207811178,      -9.563332143
          0,           0,         111,      -3.654962572,       -3.55782446,      -3.791941644,      -3.187584451,      -9.625195016
          0,           0,         112,      -3.619222517,      -3.526937807,      -3.757002834,      -3.118315171,      -9.790128104
          0,           0,         113,      -3.647062406,      -3.597648813,      -3.806456231,      -3.148445963,       -9.82989955
          0,           0,         114,      -3.638781137,      -3.609530699,      -3.813926235,      -3.126115855,      -9.858119708
          0,           0,         115,      -3.601175195,      -3.556186809,      -3.771281427,      -3.071528578,       -9.97133385
          0,           0,         116,      -3.622759104,       -3.60923248,      -3.823168248,      -3.084101836,      -9.990168279
          0,           0,         117,      -3.631971943,      -3.614570624,      -3.807744289,      -3.093440904,      -10.00864523
          0,           0,         118,      -3.611642392,      -3.563901344,      -3.756455836,       -3.06991054,      -10.12315189
          0,           0,         119,      -3.644488623,        -3.6212631,      -3.836032201,      -3.107946625,      -10.14640942
          0,           0,         120,      -3.656249031,      -3.634206925,      -3.876037361,      -3.115543411,      -10.17955644
          0,           0,         121,      -3.643942018,      -3.597095354,      -3.835962631,      -3.097357123,      -10.30877821
          0,           0,         122,      -3.714383527,      -3.697321674,      -3.976689116,      -3.189041757,       -10.3278893
          0,           0,         123,      -3.776321989,       -3.76626455,      -4.108073726,      -3.267665261,      -10.35598644
          0,           0,         124,      -3.799412613,      -3.757924388,         -3.998718,      -3.287330447,      -10.46640399
          0,           0,         125,      -3.995644815,       -3.96839467,      -4.230462686,      -3.534234557,      -10.47480221
          0,           0,         126,       -4.08670006,      -4.008680267,      -4.264613172,      -3.606501232,      -10.48791831
          0,           0,         127,      -3.961050147,      -3.837755787,      -4.069131234,      -3.433946908,      -10.54143717
          0,           0,         128,      -4.111281489,      -4.007816168,      -4.313339399,      -3.650376951,      -10.54728919
          0,           0,         129,      -4.131305457,      -4.027980602,      -4.392422129,      -3.696785572,      -10.55226582
          0,           0,         130,      -3.986067807,      -3.850589923,      -4.127459096,      -3.496902495,      -10.55998164
          0,           0,         131,      -4.104485234,      -4.006474694,      -4.361864028,      -3.688424085,      -10.56958444
          0,           0,         132,      -4.129512482,      -4.033756745,      -4.432772487,      -3.733028207,      -10.57453271
          0,           0,         133,      -4.004769093,      -3.884789121,      -4.181330883,      -3.543435682,      -10.56542811
          0,           0,         134,      -4.111841967,      -4.019658568,      -4.416034528,      -3.725861762,      -10.57563627
          0,           0,         135,      -4.143448395,      -4.036057798,      -4.473328245,      -3.767753851,      -10.58018907
          0,           0,         136,      -4.060012648,      -3.916078466,      -4.240004048,       -3.60683408,      -10.56678578
          0,           0,         137,      -4.177109422,      -4.075756439,      -4.479494721,      -3.795398331,      -10.57498705
          0,           0,         138,       -4.22248438,      -4.123798881,      -4.532254131,      -3.844637132,      -10.57886468
          0,           0,         139,       -4.13986461,      -4.026198458,      -4.303095575,       -3.66877588,      -10.56555191
          0,           0,         140,      -4.273891645,      -4.176683261,      -4.535284137,       -3.87266024,      -10.57182975
          0,           0,         141,      -4.326653466,      -4.217555256,      -4.599499002,       -3.92694614,       -10.5758499
          0,           0,         142,      -4.205759367,      -4.075938214,       -4.34615628,      -3.717876921,      -10.56491993
          0,           0,         143,      -4.330959786,      -4.221478038,      -4.559063025,      -3.908577498,      -10.56996502
          0,           0,         144,      -4.348230417,      -4.231951388,      -4.596094375,      -3.927332752,      -10.57418565
          0,           0,         145,      -4.188651204,      -4.043136671,      -4.357529331,      -3.698572377,      -10.56709714
          0,           0,         146,      -4.282390153,      -4.171213559,      -4.535887815,      -3.836545735,       -10.5714829
          0,           0,         147,      -4.275794413,      -4.176134429,      -4.552958003,      -3.824498126,      -10.57602003
          0,           0,         148,      -4.145022568,      -4.073937815,      -4.376139485,      -3.650581776,      -10.57231923
          0,           0,         149,      -4.199889637,      -4.212269503,      -4.519595461,      -3.725121109,      -10.57511282
          0,           0,         150,      -4.213014486,      -4.175274718,      -4.558035817,      -3.725224054,      -10.57840207
          0,           0,         151,       -4.13186229,      -4.063482926,       -4.42493343,       -3.62478153,      -10.57766779
          0,           0,         152,      -4.215455336,      -4.162151765,      -4.523973377,      -3.733370384,      -10.58082756
          0,           0,         153,      -4.216353506,      -4.194033304,      -4.541417709,      -3.729710665,       -10.5856727
          0,           0,         154,       -4.16168739,       -4.12338697,      -4.478910802,      -3.656827176,      -10.58248548
          0,           0,         155,      -4.204433012,      -4.182825234,      -4.616460982,      -3.697397554,      -10.58657086
          0,           0,         156,      -4.236261663,       -4.19116691,      -4.573749969,      -3.736075491,      -10.59581281
          0,           0,         157,       -4.18632415,      -4.168621741,      -4.466827691,      -3.681113122,      -10.59748865
          0,           0,         158,      -4.253144243,      -4.241363517,      -4.604500856,      -3.757452634,      -10.60030883
          0,           0,         159,      -4.262838123,      -4.253115762,      -4.611891966,      -3.765893577,      -10.60269004
          0,           0,         160,       -4.24618873,      -4.193870976,      -4.518762693,      -3.736604481,      -10.60864891
          0,           0,         161,      -4.324944987,      -4.285455685,      -4.601666193,      -3.839846195,      -10.61200472
          0,           0,         162,       -4.34328228,      -4.313155024,       -4.63357438,      -3.856111554,      -10.61838255
          0,           0,         163,      -4.304097584,      -4.270105894,      -4.569782223,      -3.805269873,      -10.62301886
          0,           0,         164,      -4.386863995,      -4.356368853,      -4.712600875,      -3.901869548,      -10.62594579
          0,           0,         165,      -4.423439594,      -4.368265607,      -4.664294747,      -3.957029495,      -10.63084346
          0,           0,         166,      -4.379028933,      -4.303223288,      -4.571053545,      -3.893045634,       -10.6365483
          0,           0,         167,      -4.476912804,      -4.421946452,       -4.74780788,       -4.02775287,      -10.63905495
          0,           0,         168,      -4.521832557,      -4.428838731,      -4.809717114,      -4.074147936,      -10.64318418
          0,           0,         169,      -4.460998523,      -4.337862414,      -4.640691727,      -3.980395749,      -10.65027163
          0,           0,         170,       -4.58284931,      -4.462148536,      -4.831262239,      -4.151616886,      -10.65249254
          0,           0,         171,      -4.602484822,      -4.454864621,      -4.846897531,      -4.173136808,      -10.65623905
          0,           0,         172,       -4.50822746,      -4.355727813,      -4.670288054,      -4.031643141,      -10.66449292
          0,           0,         173,      -4.624859802,      -4.494918305,       -4.87198115,      -4.202175656,      -10.66658954
          0,           0,         174,      -4.665901991,      -4.522248173,      -4.920861785,      -4.245656802,      -10.67004289
          0,           0,         175,      -4.573919127,      -4.417304307,      -4.734928467,      -4.097602268,      -10.67900228
          0,           0,         176,      -4.688488345,      -4.549392387,      -4.937576478,      -4.269770054,      -10.68093391
          0,           0,         177,      -4.725250901,      -4.570343696,      -4.979406536,      -4.308872313,      -10.68432628
          0,           0,         178,      -4.624845572,      -4.463377184,      -4.774432739,      -4.148442772,      -10.69391044
          0,           0,         179,      -4.742662039,      -4.602571603,      -4.981360068,      -4.323908063,      -10.69575297
          0,           0,         180,       -4.77567823,      -4.626304683,      -5.016798934,      -4.357944569,      -10.69923556
          0,           0,         181,      -4.662062472,      -4.508214916,       -4.81109536,      -4.187689562,      -10.70943628
          0,           0,         182,       -4.78218963,      -4.657835727,      -5.014801597,      -4.363565096,      -10.71116374
          0,           0,         183,      -4.815997014,      -4.675476579,       -5.04633028,      -4.397579015,      -10.71484155
          0,           0,         184,      -4.688392681,       -4.52557604,      -4.842975412,      -4.216429026,      -10.72598406
          0,           0,         185,      -4.798194132,      -4.687885384,      -5.039657219,      -4.382092046,      -10.72780395
          0,           0,         186,      -4.819526691,      -4.671959371,      -5.060815079,      -4.404789284,      -10.73165309
          0,           0,         187,      -4.666111563,      -4.491139895,      -4.849843404,      -4.208067455,      -10.74385955
          0,           0,         188,      -4.772236967,      -4.679951075,      -5.029678653,      -4.360308417,       -10.7455571
          0,           0,         189,      -4.801897398,      -4.681078669,      -5.041560846,      -4.391324014,      -10.74966213
          0,           0,         190,      -4.649674153,       -4.51231813,      -4.848533592,      -4.204047802,      -10.76317789
          0,           0,         191,      -4.758962999,      -4.699795045,      -5.012669153,      -4.350615504,      -10.76483442
          0,           0,         192,      -4.803266759,      -4.680581656,      -5.042341859,      -4.394228374,      -10.76911002
          0,           0,         193,      -4.681587974,      -4.509217613,      -4.871658608,      -4.233187374,      -10.78388546
          0,           0,         194,      -4.777823526,      -4.690460864,      -5.054490618,      -4.371673559,      -10.78513718
          0,           0,         195,      -4.806659912,      -4.632005156,      -5.073431042,      -4.396621315,      -10.78604674
          0,           0,         196,      -4.644511395,      -4.472974679,      -4.867579444,      -4.201997718,      -10.80394972
          0,           0,         197,      -4.749381496,      -4.678559049,      -5.035983883,      -4.336881343,      -10.80514331
          0,           0,         198,       -4.79298203,      -4.690055696,       -5.04668385,      -4.383096532,      -10.80993488
          0,           0,         199,      -4.697419998,      -4.579737343,      -4.896963069,      -4.247941744,      -10.82810767
          0,           0,         200,      -4.814017263,      -4.752917603,      -5.076539743,      -4.400786159,      -10.83045621
          0,           0,         201,      -4.864691949,      -4.730574599,      -5.117069494,      -4.450654855,      -10.83597357
          0,           0,         202,      -4.782354796,      -4.592206428,      -4.976456852,      -4.324876152,      -10.85234757
          0,           0,         203,       -4.87203401,      -4.763969168,      -5.143506651,      -4.458019633,      -10.85427138
          0,           0,         204,      -4.907324353,      -4.737644914,      -5.173593517,      -4.491496559,      -10.85767291
          0,           0,         205,       -4.78814766,      -4.581648958,      -4.980244091,      -4.335020707,      -10.87356089
          0,           0,         206,      -4.891237044,      -4.767814746,      -5.156983113,      -4.475876749,      -10.87473165
          0,           0,         207,      -4.923353631,      -4.793638552,      -5.181943758,      -4.507457315,      -10.87790064
          0,           0,         208,      -4.827407104,      -4.678310816,      -5.002123267,      -4.365173699,      -10.89350931
          0,           0,         209,      -4.933674179,      -4.834782826,      -5.189408001,      -4.519011049,      -10.89545186
          0,           0,         210,      -4.965117506,      -4.844694551,      -5.225476931,      -4.549353288,      -10.89886173
          0,           0,         211,      -4.858077657,      -4.719422453,      -5.037371586,      -4.392890544,      -10.91211939
          0,           0,         212,      -4.970084967,      -4.871215579,      -5.228591994,      -4.554654176,      -10.91385768
          0,           0,         213,      -5.007397277,      -4.889680629,      -5.268576876,      -4.588834517,      -10.91642706
          0,           0,         214,      -4.906061167,      -4.765351866,      -5.070317856,      -4.431625173,      -10.92716456
          0,           0,         215,      -5.016924517,      -4.918237551,      -5.271477571,      -4.598741345,      -10.92850088
          0,           0,         216,      -5.051825256,      -4.936266165,      -5.312456694,      -4.632386864,        -10.929996
          0,           0,         217,      -4.941633912,      -4.799613271,      -5.105401116,       -4.46607079,      -10.93811656
          0,           0,         218,      -5.055466951,      -4.956695883,      -5.312282743,      -4.638919456,      -10.93880725
          0,           0,         219,      -5.086440153,      -4.974157688,      -5.353493788,      -4.670208145,      -10.93893282
          0,           0,         220,      -4.973187127,      -4.827497624,      -5.138894087,      -4.500241495,      -10.94422726
          0,           0,         221,      -5.090761541,      -4.997262586,      -5.349383971,      -4.677732927,      -10.94386493
          0,           0,         222,       -5.12305016,      -5.015194903,      -5.390247785,      -4.711059163,      -10.94224802
          0,           0,         223,      -5.007616314,      -4.864126393,       -5.17233977,      -4.537464292,      -10.94473223
          0,           0,         224,      -5.123262109,      -5.043531716,      -5.383235154,      -4.715492931,      -10.94365455
          0,           0,         225,      -5.153745539,       -5.06108723,      -5.421999172,      -4.747166509,      -10.94169808
          0,           0,         226,      -5.039924118,      -4.903708329,      -5.208187677,      -4.573623783,      -10.94155424
          0,           0,         227,       -5.15255434,      -5.086868334,      -5.421157431,      -4.750886277,      -10.94058639
          0,           0,         228,      -5.181220548,      -5.097721837,      -5.459856458,      -4.781316804,      -10.93888164
          0,           0,         229,      -5.063698891,      -4.923088913,      -5.243092324,      -4.605424848,      -10.93601265
          0,           0,         230,      -5.176672859,      -5.114044619,       -5.45371795,      -4.781573914,      -10.93476865
          0,           0,         231,      -5.207809634,      -5.119857582,      -5.491647758,      -4.814898155,      -10.93150134
          0,           0,         232,       -5.08719273,      -4.937679735,      -5.276203042,      -4.637278223,      -10.92640232
          0,           0,         233,      -5.195306678,      -5.128327398,      -5.476781656,      -4.806770985,      -10.92399414
          0,           0,         234,      -5.219080457,      -5.125599898,       -5.50402522,      -4.833082308,      -10.91862843
          0,           0,         235,      -5.091329121,      -4.944877173,      -5.295950209,      -4.649988097,      -10.91192547
          0,           0,         236,      -5.197670245,      -5.136567401,      -5.489372966,      -4.813495353,      -10.90856229
          0,           0,         237,      -5.228006751,      -5.149024216,      -5.514962705,      -4.844751566,       -10.9023776
          0,           0,         238,      -5.121016101,      -4.991262882,      -5.318524568,      -4.680942892,      -10.89423623
          0,           0,         239,       -5.22621813,       -5.18327254,      -5.513474832,      -4.847574821,      -10.89102376
          0,           0,         240,      -5.262697542,       -5.19254336,      -5.545422393,      -4.886264923,       -10.8852563
          0,           0,         241,      -5.170454831,      -5.039590847,      -5.355830929,      -4.729829545,      -10.87471445
          0,           0,         242,      -5.267461599,      -5.229149372,      -5.551827826,      -4.891979152,      -10.87171161
          0,           0,         243,      -5.298375876,      -5.238486976,       -5.58689327,      -4.925715999,      -10.86566737
          0,           0,         244,      -5.204520773,      -5.087531934,      -5.398508206,      -4.764771252,      -10.85359485
          0,           0,         245,      -5.299312248,      -5.265586647,      -5.596845387,      -4.926531492,      -10.85066318
          0,           0,         246,      -5.331409985,      -5.274725956,      -5.642831343,      -4.961928813,      -10.84429095
          0,           0,         247,       -5.24083624,      -5.124895348,      -5.444117737,      -4.800609076,      -10.83148647
          0,           0,         248,      -5.334824984,      -5.300342143,      -5.640694493,      -4.965669729,      -10.82847752
          0,           0,         249,      -5.363120597,      -5.314627287,       -5.68374963,      -4.999624251,       -10.8217299
          0,           0,         250,      -5.272573426,      -5.172096916,      -5.478827693,      -4.834686279,      -10.80831669
          0,           0,         251,      -5.366258984,      -5.338806831,      -5.681728933,      -5.003944301,       -10.8051276
          0,           0,         252,      -5.391928786,       -5.35638598,      -5.724757205,      -5.035990723,      -10.79808253
          0,           0,         253,      -5.302034577,      -5.213694324,      -5.511490193,      -4.867161864,      -10.78412073
          0,           0,         254,      -5.395919621,      -5.377163659,      -5.720329066,       -5.04236852,      -10.78076845
          0,           0,         255,      -5.420388614,      -5.396877917,      -5.764113561,      -5.074658229,      -10.77346418
          0,           0,         256,      -5.334534469,      -5.254534611,      -5.546379987,      -4.904346792,      -10.75884479
          0,           0,         257,       -5.42605994,       -5.41799616,      -5.761001533,       -5.08384659,      -10.75530635
          0,           0,         258,      -5.447950996,      -5.438398317,      -5.805320922,      -5.115078116,      -10.74775513
          0,           0,         259,      -5.362832505,      -5.292251546,      -5.581973379,      -4.940144284,       -10.7324918
          0,           0,         260,      -5.451597207,       -5.45801562,      -5.798993893,      -5.122682855,      -10.72876776
          0,           0,         261,      -5.472275261,      -5.477668665,      -5.843309942,      -5.154386753,      -10.72085522
          0,           0,         262,      -5.390309066,      -5.326279862,      -5.617962184,      -4.977309109,      -10.70498101
          0,           0,         263,      -5.474773549,      -5.496551827,       -5.83568177,      -5.160988213,      -10.70099967
          0,           0,         264,      -5.493928498,      -5.514675731,      -5.878886637,      -5.192617486,      -10.69257701
          0,           0,         265,      -5.415691935,      -5.357537765,       -5.65444278,      -5.014463607,      -10.67620761
          0,           0,         266,      -5.494264611,      -5.532652243,      -5.869615366,      -5.196358065,      -10.67193051
          0,           0,         267,      -5.512212946,      -5.546449427,      -5.910895455,      -5.227957892,      -10.66296171
          0,           0,         268,       -5.43809247,      -5.383601236,      -5.689220713,      -5.049885393,      -10.64625392
          0,           0,         269,      -5.510293545,      -5.564123153,      -5.899275982,      -5.227766299,      -10.64170829
          0,           0,         270,      -5.527961801,      -5.568472164,      -5.936897068,      -5.260909595,      -10.63226429
          0,           0,         271,      -5.457461013,      -5.397119583,      -5.718737399,      -5.083581541,      -10.61536552
          0,           0,         272,      -5.523452345,      -5.583532998,      -5.923077339,      -5.254966817,      -10.61061354
          0,           0,         273,      -5.537745381,      -5.581403533,      -5.954806042,      -5.283848737,       -10.6008008
          0,           0,         274,      -5.468147622,      -5.407503821,      -5.743314954,      -5.107984006,      -10.58385948
          0,           0,         275,      -5.531685583,      -5.595810375,      -5.938210943,      -5.273603373,      -10.57897418
          0,           0,         276,      -5.547049544,       -5.59256757,      -5.970196993,      -5.304121585,      -10.56882288
          0,           0,         277,      -5.481446278,       -5.42128095,       -5.77251207,       -5.13319658,      -10.55198066
          0,           0,         278,      -5.541822075,      -5.614507257,      -5.959842062,      -5.294075755,      -10.54699988
          0,           0,         279,      -5.560207212,      -5.619428617,      -5.992842984,      -5.331452261,      -10.53714497
          0,           0,         280,      -5.509112573,      -5.468219676,      -5.805678723,      -5.176010855,      -10.51998029
          0,           0,         281,      -5.562371186,      -5.655140298,      -5.993092802,      -5.335660365,      -10.51520748
          0,           0,         282,      -5.580150816,      -5.662026929,      -6.031019375,      -5.375371563,      -10.50572592
          0,           0,         283,      -5.535746551,      -5.515606146,      -5.848551331,      -5.221225401,      -10.48804077
          0,           0,         284,      -5.583846683,      -5.690897347,      -6.038593944,      -5.382419374,      -10.48338969
          0,           0,         285,      -5.598241439,      -5.699182133,      -6.072866253,      -5.418946102,      -10.47396082
          0,           0,         286,      -5.558518561,      -5.568470076,      -5.889623841,      -5.263008503,      -10.45632396
          0,           0,         287,      -5.601839004,      -5.726148577,      -6.082767589,      -5.424720933,      -10.45175176
          0,           0,         288,      -5.614723198,      -5.737768591,      -6.120857582,      -5.460506354,      -10.44238115
          0,           0,         289,      -5.583275652,      -5.623427309,      -5.938304456,      -5.308455472,      -10.42529373
          0,           0,         290,      -5.621310121,      -5.765878726,       -6.13551718,      -5.473486968,      -10.42080045
          0,           0,         291,      -5.632077741,      -5.781584028,      -6.176486245,      -5.508584488,       -10.4116115
          0,           0,         292,      -5.604917944,      -5.678729186,      -5.987839026,      -5.352405148,       -10.3952109
          0,           0,         293,      -5.638253917,      -5.804587282,      -6.189699934,       -5.52100605,      -10.39082877
          0,           0,         294,      -5.646747055,      -5.821635527,       -6.23203094,      -5.553547456,      -10.38195918
          0,           0,         295,      -5.622398758,      -5.724327772,      -6.033220066,      -5.391457521,      -10.36612008
          0,           0,         296,      -5.652084489,      -5.839536945,      -6.239053723,      -5.563536683,      -10.36188217
          0,           0,         297,      -5.659022427,      -5.856717343,      -6.281859899,      -5.594140953,      -10.35343392
          0,           0,         298,      -5.636675703,      -5.760784314,      -6.073267366,      -5.426154908,      -10.33792328
          0,           0,         299,      -5.663552515,      -5.872153931,      -6.281764393,      -5.601391632,      -10.33393742
          0,           0,         300,      -5.669517392,      -5.889108659,      -6.324585126,      -5.630897742,      -10.32594704
          0,           0,         301,      -5.649021288,      -5.792378714,        -6.1088988,      -5.458261704,      -10.31032612
          0,           0,         302,      -5.673502819,      -5.903341044,      -6.318713821,       -5.63597219,      -10.30639506
          0,           0,         303,      -5.678875544,      -5.919766712,        -6.3612675,      -5.665195039,      -10.29852272
          0,           0,         304,      -5.660376503,      -5.822356019,      -6.142128273,      -5.489703583,      -10.28271628
          0,           0,         305,      -5.682632064,       -5.93367892,      -6.352148812,      -5.669230757,       -10.2788022
          0,           0,         306,      -5.687594383,      -5.949618715,      -6.394433316,      -5.698707553,      -10.27095199
          0,           0,         307,      -5.671277784,      -5.853005468,      -6.175099727,      -5.521942072,      -10.25491143
          0,           0,         308,      -5.691332757,      -5.963459203,      -6.384376418,      -5.702609368,      -10.25098016
          0,           0,         309,      -5.695940481,      -5.978945429,      -6.426386942,      -5.732515727,      -10.24307877
          0,           0,         310,      -5.681896553,      -5.884866974,      -6.209127473,      -5.555588381,      -10.22680708
          0,           0,         311,       -5.69975645,      -5.992543064,      -6.416757637,      -5.736671444,      -10.22283798
          0,           0,         312,      -5.704022343,      -6.007470852,      -6.458353351,      -5.766922765,      -10.21484502
          0,           0,         313,      -5.692212672,      -5.917359798,      -6.244574489,      -5.590514022,      -10.19837541
          0,           0,         314,      -5.707938966,      -6.020557949,       -6.44967947,      -5.771267912,      -10.19435992
          0,           0,         315,      -5.711879048,      -6.034730049,      -6.490616229,      -5.801667686,      -10.18626071
          0,           0,         316,      -5.702165674,      -5.949594177,      -6.281196763,      -5.626200498,      -10.16963353
          0,           0,         317,      -5.715892125,      -6.047148981,      -6.482983647,      -5.805933756,      -10.16557097
          0,           0,         318,      -5.719536397,      -6.060386069,       -6.52300629,      -5.836291402,      -10.15736702
          0,           0,         319,      -5.711727508,       -5.98089796,       -6.31856847,      -5.662095701,       -10.1406167
          0,           0,         320,      -5.723636351,      -6.072132835,      -6.516372592,      -5.840224465,      -10.13651056
          0,           0,         321,      -5.727021743,      -6.084335509,      -6.555271298,      -5.870404275,      -10.12821108
          0,           0,         322,      -5.720906472,      -6.010907614,      -6.356348157,      -5.697804706,      -10.11136142
          0,           0,         323,      -5.731195793,      -6.095487707,      -6.549572581,      -5.873830606,      -10.10721643
          0,           0,         324,      -5.734357978,      -6.106621022,      -6.587165858,      -5.903737357,      -10.09883352
          0,           0,         325,      -5.729724981,      -6.039401272,      -6.394316441,      -5.733081524,      -10.08189937
          0,           0,         326,      -5.738587296,      -6.117269949,      -6.582300361,      -5.906517971,      -10.07772054
          0,           0,         327,      -5.741558334,      -6.127322686,      -6.618403918,      -5.936081064,      -10.06926746
          0,           0,         328,      -5.738207077,      -6.066194125,      -6.432303808,      -5.767751078,      -10.05225901
          0,           0,         329,      -5.745821375,      -6.137567187,      -6.614219891,      -5.938065122,       -10.0480516
          0,           0,         330,      -5.748631427,      -6.146543931,      -6.648641689,      -5.967237181,      -10.03954235
          0,           0,         331,      -5.746380819,      -6.091205802,      -6.470109795,      -5.801640267,       -10.0224688
          0,           0,         332,       -5.75291159,      -6.156510619,      -6.644975333,       -5.96827697,      -10.01823837
          0,           0,         333,      -5.755589363,      -6.164459518,      -6.677558361,      -5.997047033,      -10.00968694
          0,           0,         334,      -5.754282945,      -6.114588386,      -6.507482495,      -5.834570407,       -9.99255826
          0,           0,         335,      -5.759880385,      -6.174303418,      -6.674296977,      -5.997059262,      -9.988310393
          0,           0,         336,      -5.762450991,      -6.181344109,      -6.704976078,      -6.025451835,      -9.979729664
          0,           0,         337,      -5.761957094,      -6.136730195,      -6.544155728,      -5.866379849,      -9.962556718
          0,           0,         338,      -5.766757429,       -6.19120374,      -6.702086928,      -6.024475599,      -9.958296545
          0,           0,         339,      -5.769241342,      -6.197555027,      -6.730931588,      -6.052573978,      -9.949696889
          0,           0,         340,      -5.769450055,      -6.158321776,      -6.579967574,      -5.897005422,      -9.932490701
          0,           0,         341,      -5.773574955,      -6.207600915,      -6.728477819,      -6.050744613,      -9.928221756
          0,           0,         342,      -5.775980147,      -6.213471049,      -6.755692493,       -6.07845226,      -9.919609046
          0,           0,         343,      -5.776791267,      -6.179334371,      -6.614637326,      -5.926201338,       -9.90237955
          0,           0,         344,      -5.780338912,       -6.22337904,      -6.753434051,      -6.075685612,      -9.898104843
          0,           0,         345,      -5.782674377,      -6.228877656,      -6.779059989,      -6.102976631,      -9.889486045
          0,           0,         346,      -5.783995117,      -6.199657836,      -6.647697191,      -5.953703728,      -9.872243982
          0,           0,         347,      -5.787060321,      -6.238645874,      -6.776877161,      -6.099240209,      -9.867966918
          0,           0,         348,      -5.789333814,      -6.243892048,      -6.801078378,      -6.126053149,      -9.859347116
          0,           0,         349,      -5.791080309,      -6.219167024,      -6.678900015,      -5.979328973,      -9.842101003
          0,           0,         350,      -5.793746066,      -6.253397848,      -6.798807973,      -6.121277505,      -9.837823691
          0,           0,         351,      -5.795965949,      -6.258447985,       -6.82170673,      -6.147545874,      -9.829205576
          0,           0,         352,       -5.79806357,      -6.237595869,      -6.707978401,      -6.002931645,      -9.811961677
          0,           0,         353,      -5.800403511,      -6.267604356,        -6.8191992,      -6.141658949,      -9.807685424
          0,           0,         354,      -5.802580293,      -6.272479025,      -6.840901095,      -6.167347974,      -9.799070506
          0,           0,         355,      -5.804965899,      -6.254778016,      -6.734772493,       -6.02448254,      -9.781833421
          0,           0,         356,      -5.807043887,      -6.281268584,       -6.83809943,      -6.160344936,       -9.77755911
          0,           0,         357,      -5.809189179,      -6.285975126,       -6.85871334,       -6.18546961,       -9.76894838
          0,           0,         358,      -5.811811157,      -6.270720164,      -6.759280879,       -6.04409198,      -9.751721257
          0,           0,         359,      -5.813680488,       -6.29443994,      -6.855643736,      -6.177427847,      -9.747449492
          0,           0,         360,      -5.815805089,      -6.298983999,      -6.875279515,      -6.202038355,      -9.738843731
          0,           0,         361,      -5.818621515,      -6.285548364,      -6.781612276,      -6.061952304,      -9.721628408
          0,           0,         362,      -5.820325533,      -6.307189984,      -6.871995413,       -6.19308255,      -9.717359588
          0,           0,         363,      -5.822438172,      -6.311576671,      -6.890756098,      -6.217242391,      -9.708759499
          0,           0,         364,      -5.825414129,       -6.29941537,      -6.801911291,      -6.078273335,      -9.691556648
          0,           0,         365,      -5.826987268,      -6.319585279,      -6.887280019,       -6.20749569,      -9.687291003
          0,           0,         366,      -5.829094205,      -6.323816387,      -6.905257013,      -6.231266716,       -9.67869722
          0,           0,         367,      -5.832199328,      -6.312452245,      -6.820298966,      -6.093232943,      -9.661506441
          0,           0,         368,      -5.833669368,      -6.331679814,      -6.901558585,      -6.220828708,      -9.657244041
          0,           0,         369,      -5.835775194,      -6.335758432,      -6.918834946,      -6.244273895,      -9.648657025
          0,           0,         370,      -5.838983864,      -6.324778305,      -6.836872731,      -6.106990153,      -9.631476945
          0,           0,         371,      -5.840373872,      -6.343521047,      -6.914860865,      -6.233234747,      -9.627217692
          0,           0,         372,      -5.842482204,      -6.347455385,       -6.93152391,      -6.256420349,      -9.618637591
          0,           0,         373,      -5.845774036,       -6.33653315,      -6.851763585,      -6.119715263,      -9.601466034
          0,           0,         374,       -5.84710278,      -6.355160289,      -6.927243798,      -6.244881713,      -9.597209654
          0,           0,         375,      -5.849216494,      -6.358972721,      -6.943396843,      -6.267882502,       -9.58863619
          0,           0,         376,      -5.852577214,      -6.347903787,      -6.865193462,      -6.131617969,      -9.571470442
          0,           0,         377,      -5.853859766,      -6.366658542,      -6.938837384,      -6.255980158,      -9.567216502
          0,           0,         378,      -5.855981298,      -6.370378018,      -6.954597382,      -6.278867703,      -9.558648946
          0,           0,         379,      -5.859402355,       -6.35908199,      -6.877479001,      -6.142930576,       -9.54148611
          0,           0,         380,      -5.860648728,      -6.378072375,      -6.949836301,      -6.266728272,      -9.537234056
          0,           0,         381,      -5.862779284,      -6.381738429,      -6.965319127,      -6.289564052,      -9.528671304
          0,           0,         382,      -5.866256848,      -6.370244098,      -6.888977311,      -6.153878589,      -9.511508652
          0,           0,         383,      -5.867473707,      -6.389450168,       -6.96045931,      -6.277321821,      -9.507257875
          0,           0,         384,      -5.869613854,       -6.39309959,      -6.975762187,      -6.300144198,      -9.498698605
          0,           0,         385,       -5.87314711,      -6.381492869,      -6.900022906,      -6.164647409,      -9.481533875
          0,           0,         386,      -5.874337994,      -6.400812524,      -6.970898263,      -6.287894318,      -9.477283788
          0,           0,         387,      -5.876487428,       -6.40447157,      -6.986091651,      -6.310716809,      -9.468726654
          0,           0,         388,      -5.880090418,      -6.392855303,      -6.910973805,      -6.175691359,       -9.45155833
          0,           0,         389,      -5.881256948,       -6.41219682,      -6.981445768,      -6.299011065,       -9.44730874
          0,           0,         390,      -5.883414525,      -6.415953844,      -6.996609542,      -6.321892692,       -9.43875286
          0,           0,         391,      -5.887071206,      -6.404524689,      -6.921948461,       -6.18666103,      -9.421579611
          0,           0,         392,      -5.888207226,      -6.423561018,      -6.991978846,      -6.309808713,      -9.417329741
          0,           0,         393,      -5.890368564,      -6.427329058,      -7.007065684,      -6.332482853,      -9.408772532
          0,           0,         394,      -5.894077004,      -6.415960683,      -6.932843707,      -6.197229598,       -9.39159302
          0,           0,         395,      -5.895193845,      -6.434780162,      -7.002466389,      -6.320435235,      -9.387341882
          0,           0,         396,      -5.897364725,      -6.438540523,      -7.017454159,      -6.343095973,      -9.378783267
          0,           0,         397,      -5.901126211,      -6.427017699,      -6.943553129,      -6.207828739,      -9.361593947
          0,           0,         398,      -5.902217288,      -6.445857576,      -7.012864569,      -6.330978265,      -9.357346422
          0,           0,         399,      -5.904395614,      -6.449615774,      -7.027764636,      -6.353578566,      -9.348789297
          0,           0,         400,      -5.908210498,      -6.438123018,      -6.954177041,      -6.218385013,      -9.331603146
          0,           0,         401,      -5.909287276,      -6.456844738,       -7.02324836,      -6.341486959,      -9.327351868
          0,           0,         402,      -5.911478202,      -6.460578344,      -7.038057236,      -6.364035336,      -9.318794106
          0,           0,         403,      -5.915346599,      -6.448968186,      -6.964763017,      -6.228873694,      -9.301605206
          0,           0,         404,      -5.916406218,      -6.467708545,      -7.033594237,      -6.351903439,      -9.297353968
          0,           0,         405,      -5.918608625,      -6.471413789,      -7.048291246,      -6.374387672,      -9.288796329
          0,           0,         406,      -5.922526524,      -6.459618429,      -6.975224533,      -6.239244256,      -9.271604589
          0,           0,         407,      -5.923570376,      -6.478453444,      -7.043854073,      -6.362185849,      -9.267353186
          0,           0,         408,      -5.925783883,      -6.482122043,       -7.05843013,      -6.384604319,      -9.258795334
          0,           0,         409,      -5.929747897,      -6.470071295,      -6.985492828,      -6.249483917,      -9.241600528
          0,           0,         410,      -5.930777819,      -6.489086254,       -7.05397768,      -6.372330318,      -9.237348854
          0,           0,         411,      -5.933002786,      -6.492713085,      -7.068428957,      -6.394690896,      -9.228790731
          0,           0,         412,      -5.937010673,      -6.480344331,      -6.995515212,      -6.259587224,      -9.211592761
          0,           0,         413,      -5.938029013,      -6.499619163,      -7.063928652,      -6.382345026,      -9.207340805
          0,           0,         414,      -5.940266155,      -6.503203101,       -7.07826009,      -6.404656426,      -9.198782522
          0,           0,         415,       -5.94431604,      -6.490573801,      -7.005311473,      -6.269556761,       -9.18158138
          0,           0,         416,      -5.945323977,      -6.510106542,       -7.07363065,      -6.392193893,      -9.177329197
          0,           0,         417,      -5.947573923,      -6.513725254,      -7.087849917,      -6.414444659,      -9.168770565
          0,           0,         418,      -5.951665549,      -6.500920448,      -7.014847763,      -6.279378585,      -9.151566139
          0,           0,         419,      -5.952667345,      -6.520562696,       -7.08335897,      -6.402049053,      -9.147313376
          0,           0,         420,      -5.954931326,      -6.524141435,      -7.097565045,      -6.424318677,      -9.138753801
          0,           0,         421,      -5.959063958,      -6.511012975,      -7.024394888,      -6.289232403,       -9.12154594
          0,           0,         422,      -5.960058493,      -6.530915516,      -7.092963533,      -6.411881685,      -9.117292577
          0,           0,         423,      -5.962335432,      -6.534463702,      -7.107081857,      -6.434121034,      -9.108732646
          0,           0,         424,      -5.966507622,      -6.520990901,      -7.033710338,      -6.298993435,      -9.091521756
          0,           0,         425,      -5.967496409,       -6.54119342,      -7.102405068,      -6.421638892,      -9.087274984
          0,           0,         426,       -5.96843717,      -6.547887708,      -7.129928809,      -6.504321916,      -9.083016936
          0,           0,         427,      -5.970952948,      -6.547996104,       -7.13353577,       -6.48639691,      -9.074458426
          0,           0,         428,      -5.975227616,      -6.532966972,      -7.055720955,       -6.32107196,       -9.05724583
          0,           0,         429,      -5.976211321,      -6.553250967,      -7.125158388,       -6.44356198,      -9.052992671
          0,           0,         430,      -5.978461958,      -6.556597009,      -7.136749079,      -6.460435748,      -9.044432659
          0,           0,         431,      -5.982613364,      -6.542171487,      -7.056015663,      -6.320924841,      -9.027215407
          0,           0,         432,       -5.98356513,      -6.563230438,      -7.126211905,      -6.443785593,      -9.022961227
          0,           0,         433,      -5.985845197,      -6.566719706,      -7.139690501,      -6.466216998,      -9.014401112
          0,           0,         434,      -5.990077868,      -6.552045125,      -7.062666973,      -6.330656084,      -8.997181015
          0,           0,         435,      -5.991021182,      -6.573264402,      -7.131982598,      -6.453408498,      -8.992926793
          0,           0,         436,       -5.99332388,      -6.576654853,      -7.145623447,      -6.475776437,      -8.984366367
          0,           0,         437,      -5.997633209,      -6.561708966,      -7.070556604,      -6.340353707,      -8.967143265
          0,           0,         438,      -5.998583549,      -6.583249021,      -7.139692073,      -6.462920696,      -8.962888712
          0,           0,         439,      -6.000923805,      -6.586616097,       -7.15341597,      -6.485195946,      -8.954327689
          0,           0,         440,      -6.005309821,      -6.571052808,      -7.078702851,      -6.349562447,      -8.937100682
          0,           0,         441,      -6.006277584,      -6.593157265,      -7.148085863,      -6.471935585,      -8.932845438
          0,           0,         442,      -6.008655532,      -6.596413059,      -7.161858246,      -6.494073733,      -8.924303232
          0,           0,         443,      -6.009621243,      -6.603181176,       -7.18746922,      -6.573226078,      -8.920048931
          0,           0,         444,      -6.010708348,      -6.606317472,      -7.200041287,      -6.626454684,      -8.915790402
          0,           0,         445,       -6.01331379,       -6.60417339,      -7.197731212,      -6.562878993,      -8.907234631
          0,           0,         446,       -6.01770028,      -6.585497287,      -7.109326937,      -6.377536751,      -8.890002722
          0,           0,         447,      -6.018676067,      -6.608788782,      -7.182754907,      -6.499999427,      -8.885747229
          0,           0,         448,      -6.020970951,      -6.611937596,      -7.193069596,      -6.515489229,      -8.877201178
          0,           0,         449,      -6.021887146,      -6.619032206,      -7.219958683,      -6.593475704,      -8.872945163
          0,           0,         450,      -6.022922645,      -6.622295911,       -7.23281072,      -6.645941757,      -8.868686278
          0,           0,         451,       -6.02543655,      -6.619772516,      -7.225116783,       -6.58125687,       -8.86012944
          0,           0,         452,      -6.029683275,      -6.600592916,      -7.125017597,       -6.39516801,      -8.842890265
          0,           0,         453,      -6.030568418,      -6.624511319,      -7.199423046,      -6.518771621,      -8.838636006
          0,           0,         454,      -6.031437489,      -6.632019882,       -7.22909279,      -6.599930154,      -8.834379038
          0,           0,         455,      -6.032461415,      -6.635381609,      -7.242997661,      -6.656431053,      -8.830121191
          0,           0,         456,       -6.03358083,      -6.637393802,      -7.251579366,      -6.694029629,      -8.825860519
          0,           0,         457,      -6.036166329,      -6.634479984,      -7.244594269,      -6.612147192,      -8.817299621
          0,           0,         458,      -6.040488917,      -6.615339581,      -7.142027338,      -6.416466141,      -8.800056388
          0,           0,         459,      -6.041323895,      -6.639016644,      -7.215531043,      -6.539191632,      -8.795801207
          0,           0,         460,      -6.042180115,      -6.646515377,      -7.245162678,      -6.619930156,      -8.791541938
          0,           0,         461,      -6.043204883,       -6.64988993,      -7.259124621,      -6.676119247,      -8.787281362
          0,           0,         462,      -6.044333638,      -6.651897292,      -7.267615379,      -6.713324574,      -8.783016967
          0,           0,         463,       -6.04696616,      -6.648498969,      -7.258112212,      -6.629857474,      -8.774449363
          0,           0,         464,      -6.051372639,      -6.626578401,      -7.149454124,      -6.430874514,      -8.757201155
          0,           0,         465,      -6.052229517,       -6.65241236,      -7.223214664,      -6.552430001,      -8.752943537
          0,           0,         466,      -6.053120139,      -6.660263737,      -7.253457653,      -6.632425865,      -8.748681694
          0,           0,         467,      -6.054176783,       -6.66364213,      -7.267672841,      -6.687597768,       -8.74441847
          0,           0,         468,      -6.055334941,      -6.665570409,       -7.27613513,      -6.723605744,      -8.740151293
          0,           0,         469,      -6.058008518,      -6.660819506,       -7.26428635,      -6.640325079,      -8.731582297
          0,           0,         470,      -6.062438161,      -6.634877085,      -7.152729657,       -6.44168136,      -8.714328213
          0,           0,         471,      -6.063315467,      -6.665031909,      -7.228174308,      -6.562404967,      -8.710068133
          0,           0,         472,      -6.064226101,      -6.673717071,      -7.259862507,      -6.642030134,      -8.705805375
          0,           0,         473,      -6.065295874,      -6.677295832,      -7.275112908,      -6.696691017,      -8.701541498
          0,           0,         474,      -6.066464065,      -6.679291657,      -7.284342236,        -6.7323479,      -8.697275155
          0,           0,         475,      -6.069167918,      -6.673830108,      -7.272726137,      -6.651678745,      -8.688715981
          0,           0,         476,      -6.070156096,      -6.680865481,      -7.294876596,      -6.707248247,        -8.6844543
          0,           0,         477,      -6.071210103,      -6.683777778,      -7.306337327,      -6.740974158,      -8.680192248
          0,           0,         478,      -6.073710161,      -6.678510684,      -7.287795263,      -6.652461912,      -8.671632485
          0,           0,         479,      -6.074637509,      -6.686047226,      -7.310263416,      -6.708752688,      -8.667370177
          0,           0,         480,      -6.075653255,      -6.689270387,      -7.321527387,      -6.743528319,      -8.663107867
          0,           0,         481,      -6.078119314,      -6.684160726,       -7.29830695,      -6.657128787,      -8.654541382
          0,           0,         482,      -6.082398868,      -6.657402537,       -7.16768779,      -6.461987301,      -8.637269264
          0,           0,         483,      -6.083207473,      -6.689975099,      -7.246959155,       -6.58360442,      -8.633004054
          0,           0,         484,      -6.084083568,      -6.699079791,      -7.280727763,      -6.663711536,      -8.628737198
          0,           0,         485,      -6.085137005,      -6.702711177,      -7.297190316,      -6.719079401,      -8.624469297
          0,           0,         486,       -6.08630277,      -6.704621779,       -7.30696349,       -6.75593603,      -8.620201664
          0,           0,         487,      -6.089061311,      -6.698983462,      -7.295075452,      -6.680435788,       -8.61163053
          0,           0,         488,      -6.090046207,        -6.7057946,      -7.317528534,      -6.736507655,      -8.607363702
          0,           0,         489,      -6.091104089,      -6.708584645,      -7.329204974,      -6.770597549,      -8.603099308
          0,           0,         490,      -6.093657891,      -6.703489551,      -7.310496456,      -6.683048774,      -8.594527671
          0,           0,         491,      -6.094582269,      -6.710761564,        -7.3332757,      -6.740315393,      -8.590260411
          0,           0,         492,      -6.095603717,      -6.714022508,      -7.344569943,      -6.776162614,      -8.585994956
          0,           0,         493,      -6.098137431,      -6.709544073,      -7.321282775,      -6.690599098,      -8.577420716
          0,           0,         494,      -6.099050052,      -6.716876261,      -7.343614329,      -6.748247971,      -8.573151946
          0,           0,         495,      -6.100067008,      -6.720107844,      -7.354365748,      -6.784069683,      -8.568884328
          0,           0,         496,      -6.102607739,      -6.715075939,      -7.328122527,      -6.696895662,       -8.56030668
          0,           0,         497,      -6.103524058,      -6.722282468,      -7.350569024,      -6.753095387,      -8.556035988
          0,           0,         498,       -6.10455005,      -6.725306019,      -7.361024754,      -6.787491936,      -8.551766177
          0,           0,         499,      -6.107111942,      -6.719490097,      -7.331510016,      -6.699852101,      -8.543185213
          0,           0,         500,      -6.108043216,      -6.726979043,      -7.354020706,      -6.755610979,      -8.538912695
          0,           0,         501,      -6.109083107,      -6.730031397,      -7.363956604,      -6.789805635,      -8.534641584
          0,           0,         502,      -6.111653416,      -6.723592176,      -7.332530139,       -6.70317187,      -8.526058271
          0,           0,         503,      -6.112580198,      -6.731523101,      -7.354595777,      -6.758475593,      -8.521784581
          0,           0,         504,      -6.113612575,      -6.734678909,      -7.364208851,      -6.792495806,      -8.517513416
          0,           0,         505,      -6.116156468,      -6.727695363,      -7.332349772,      -6.706793828,      -8.508928848
          0,           0,         506,      -6.117058272,      -6.736132687,      -7.354369071,      -6.761484291,      -8.504654707
          0,           0,         507,      -6.118069203,       -6.73943398,      -7.364133813,      -6.795348869,      -8.500384298
          0,           0,         508,      -6.120587177,       -6.73197081,      -7.332483663,      -6.710657475,      -8.491799065
          0,           0,         509,      -6.121471875,      -6.740901107,      -7.354920443,      -6.764899303,      -8.487524854
          0,           0,         510,      -6.122475693,      -6.744323185,      -7.365093624,      -6.798748891,      -8.483255221
          0,           0,         511,      -6.125007947,      -6.736339163,       -7.33371991,      -6.714960667,      -8.474669294
          0,           0,         512,      -6.125901443,      -6.745669917,      -7.356459856,      -6.768547794,      -8.470394928
          0,           0,         513,      -6.126923735,      -6.749136835,      -7.366908934,      -6.802077367,      -8.466125525
          0,           0,         514,      -6.129503009,      -6.740444798,      -7.335202459,      -6.718567385,      -8.457538504
          0,           0,         515,      -6.130423548,      -6.750174705,      -7.358072364,       -6.77112795,      -8.453263611
          0,           0,         516,      -6.131476762,      -6.753659773,      -7.368578052,      -6.803935763,      -8.448993823
          0,           0,         517,       -6.13409999,      -6.744027375,      -7.335746731,      -6.720350157,      -8.440405219
          0,           0,         518,      -6.135046527,      -6.754296919,      -7.358798649,      -6.771717093,      -8.436129406
          0,           0,         519,      -6.136124715,      -6.757841461,      -7.369289691,      -6.803674767,      -8.431858899
          0,           0,         520,      -6.138766292,      -6.747091552,        -7.3349625,      -6.720298779,      -8.423268287
          0,           0,         521,      -6.139727313,      -6.758092316,      -7.358373052,      -6.770524752,      -8.418991298
          0,           0,         522,      -6.140818599,      -6.761766246,       -7.36892662,      -6.801774515,      -8.414720078
          0,           0,         523,      -6.143458469,      -6.749837366,      -7.333236359,      -6.719241751,      -8.406127124
          0,           0,         524,      -6.144426105,      -6.761707547,      -7.357166896,      -6.768495986,      -8.401848847
